{"count":1,"gauges":{"ReachTarget_2.CumulativeReward":{"count":77,"max":0.996333361,"min":-0.60623467,"value":-0.341334224,"weightedAverage":-0.290560544}},"self":4.6573208,"total":11.6442897,"children":{"AgentSendState":{"count":5334,"self":0.1837653,"total":3.4077314,"children":{"CollectObservations":{"count":8544,"self":0.0309049,"total":0.0309049,"children":null},"CollectDiscreteActionMasks":{"count":8544,"self":0.025440499999999998,"total":0.025440499999999998,"children":null},"AgentInfo.ToProto":{"count":8544,"self":0.09772779999999999,"total":3.1676207,"children":{"GenerateSensorData":{"count":8544,"self":2.834354,"total":3.0698928999999997,"children":{"RayPerceptionSensor.Perceive":{"count":8544,"self":0.2355389,"total":0.2355389,"children":null}}}}}}},"DecideAction":{"count":5334,"self":3.557282,"total":3.5572819,"children":null},"AgentAct":{"count":5334,"self":0.017491899999999998,"total":0.017491899999999998,"children":null},"AgentInfo.ToProto":{"count":77,"self":0,"total":0.0034716,"children":{"GenerateSensorData":{"count":77,"self":0.0004958,"total":0.0034716,"children":{"RayPerceptionSensor.Perceive":{"count":77,"self":0.0029758,"total":0.0029758,"children":null}}}}}}}