{"count":1,"gauges":{"ReachTarget_3.CumulativeReward":{"count":43,"max":1.10410118,"min":-0.174723819,"value":-0.07581188,"weightedAverage":0.07816528}},"self":58.8184064,"total":58.9579046,"children":{"AgentSendState":{"count":2938,"self":0.0803971,"total":0.1126754,"children":{"CollectObservations":{"count":4704,"self":0.0228276,"total":0.0228276,"children":null},"CollectDiscreteActionMasks":{"count":4704,"self":0.0094507,"total":0.0094507,"children":null}}},"DecideAction":{"count":2938,"self":0.014415899999999999,"total":0.014415899999999999,"children":null},"AgentAct":{"count":2938,"self":0.0119142,"total":0.0119142,"children":null}}}