{"count":1,"gauges":{"ReachTarget_4.CumulativeReward":{"count":2,"max":-0.25,"min":-0.282166541,"value":-0.25,"weightedAverage":-0.27412492}},"self":16.7356688,"total":16.818043799999998,"children":{"AgentSendState":{"count":761,"self":0.0322456,"total":0.0729336,"children":{"CollectObservations":{"count":1232,"self":0.0069432,"total":0.0069432,"children":null},"CollectDiscreteActionMasks":{"count":1232,"self":0.0019836,"total":0.0019836,"children":null},"RayPerceptionSensor.Perceive":{"count":1232,"self":0.031761199999999996,"total":0.031761199999999996,"children":null}}},"DecideAction":{"count":761,"self":0.0029939999999999997,"total":0.0029939999999999997,"children":null},"AgentAct":{"count":761,"self":0.0054563,"total":0.0054563,"children":null},"RayPerceptionSensor.Perceive":{"count":2,"self":0.0004959,"total":0.0004959,"children":null}}}