{"count":1,"gauges":{"ReachTarget_2.CumulativeReward":{"count":32,"max":0.9944504,"min":-0.297285259,"value":-0.2628017,"weightedAverage":-0.114829443}},"self":17.876468799999998,"total":17.9582572,"children":{"AgentSendState":{"count":891,"self":0.028033799999999998,"total":0.0743631,"children":{"CollectObservations":{"count":1440,"self":0.0054678999999999995,"total":0.0054678999999999995,"children":null},"CollectDiscreteActionMasks":{"count":1440,"self":0.0029969,"total":0.0029969,"children":null},"RayPerceptionSensor.Perceive":{"count":1440,"self":0.037864499999999995,"total":0.037864499999999995,"children":null}}},"DecideAction":{"count":891,"self":0.0034438,"total":0.0034438,"children":null},"AgentAct":{"count":891,"self":0.0039815,"total":0.0039815,"children":null},"RayPerceptionSensor.Perceive":{"count":32,"self":0,"total":0,"children":null}}}