{"count":1,"gauges":{"ReachTarget_1.CumulativeReward":{"count":2,"max":-0.250083327,"min":-0.26425,"value":-0.26425,"weightedAverage":-0.253625}},"self":4.0907583999999995,"total":4.1171402,"children":{"AgentSendState":{"count":199,"self":0.0119407,"total":0.0219028,"children":{"CollectObservations":{"count":320,"self":0.0029747999999999997,"total":0.0029747999999999997,"children":null},"CollectDiscreteActionMasks":{"count":320,"self":0.0004969,"total":0.0004969,"children":null},"RayPerceptionSensor.Perceive":{"count":320,"self":0.0064903999999999995,"total":0.0064903999999999995,"children":null}}},"DecideAction":{"count":199,"self":0.0019856,"total":0.0019856,"children":null},"AgentAct":{"count":199,"self":0.0015011999999999998,"total":0.0015011999999999998,"children":null},"RayPerceptionSensor.Perceive":{"count":2,"self":0,"total":0,"children":null}}}